"title","year","journal"
"DESENVOLVIMENTO ECONÔMICO E MUDANÇA SOCIAL: a Vale e a mineração na Amazônia Oriental","2016","Caderno CRH"
"O BANCO NACIONAL DE DESENVOLVIMENTO ECONÔMICO E SOCIAL (BNDES) E A EXPANSÃO DE EMPRESAS BRASILEIRAS DE CONSTRUÇÃO CIVIL PARA A AMÉRICA DO SUL","2016","Caderno CRH"
"DIMENSÕES DA CRISE DO SINDICALISMO BRASILEIRO","2015","Caderno CRH"
"Habermas: da globalização da economia à globalização da política","2014","Caderno CRH"
"Sindicato, desenvolvimento e trabalho: crise econômica e ação política no ABC","2013","Caderno CRH"
"A retomada do desenvolvimento e a regulação do mercado do trabalho no Brasil","2013","Caderno CRH"
"Estruturas sociais no semiárido e o mercado de biodiesel","2013","Caderno CRH"
"Sociabilidades familiares e liberdade: relações interpessoais no pós-abolição","2013","Caderno CRH"
"Entre o estado, a sociedade e o mercado: análise dos dispositivos de governança da indústria florestal na Amazônia","2012","Caderno CRH"
"A privatização de uma empresa: uma ação econômica enraizada nas relações sociais","2012","Caderno CRH"
"Da filantropia ao investimento socialmente responsável: novas distinções","2012","Caderno CRH"
"Sistemas produtivos tradicionais e imersão de interesses econômicos em relações sociais","2012","Caderno CRH"
"Sistemas produtivos tradicionais e imersão de interesses econômicos em relações sociais","2012","Caderno CRH"
"Empreendedorismo intensivo em conhecimento no Brasil","2011","Caderno CRH"
"Sindicato, crise econômica e estratégias regionais novas dimensões da participação política no ABC Paulista","2010","Caderno CRH"
"Finanças, consumo e circuitos da economia urbana na cidade de São Paulo","2009","Caderno CRH"
"Riqueza e desigualdades","2009","Caderno CRH"
"A associação econômica dos pobres como via de combate às desigualdades","2009","Caderno CRH"
"Organização social e indicadores socioeconômicos no Brasil: um estudo exploratório","2009","Caderno CRH"
"Processos sociais de exclusão e políticas públicas de enfrentamento da pobreza","2008","Caderno CRH"
"Estudantes com desvantagens econômicas e educacionais e fruição da universidade","2007","Caderno CRH"
"Economias sexuais, amor e tráfico de pessoas &#8211; novas questões conceituais","2016","Cadernos Pagu"
"Economias sexuais, amor e tráfico de pessoas &#8211; novas questões conceituais","2016","Cadernos Pagu"
"""Discreto e fora do meio"" - Notas sobre a visibilidade sexual contemporânea*","2015","Cadernos Pagu"
"""Discreto e fora do meio"" - Notas sobre a visibilidade sexual contemporânea*","2015","Cadernos Pagu"
"Violências e afetos: intercâmbios sexuais e econômicos na (recente) produção antropológica realizada no Brasil","2014","Cadernos Pagu"
"Economia, Ideologia e Eleições na América Latina","2015","Dados"
"O Estado (de Bem-Estar Social) como Ator do Desenvolvimento: Uma História das Ideias","2015","Dados"
"Economia, Instituições e Estado de Bem-Estar Social: Respostas à Nova Configuração do Capitalismo pós-1970","2015","Dados"
"Novas configurações econômicas no eixo Ásia-Pacífico e suas consequências para a América Latina: da APEC à Aliança do Pacífico","2014","Dados"
"A RELAÇÃO ENTRE EDUCAÇÃO E DESENVOLVIMENTO ECONÔMICO NO CAPITALISMO: ELEMENTOS PARA UM DEBATE","2016","Educação & Sociedade"
"Além da Agenda Endógena da Educação: propostas para a construção coletiva de um projeto de desenvolvimento","2014","Educação & Sociedade"
"Além da Agenda Endógena da Educação: propostas para a construção coletiva de um projeto de desenvolvimento","2014","Educação & Sociedade"
"O Ideb: limites e ilusões de uma política educacional","2013","Educação & Sociedade"
"Produção do conhecimento na educação superior australiana: do acadêmico ao comercial","2004","Educação & Sociedade"
"Alemanha e Brasil, 1870-1945: uma relação entre espaços","2014","História, Ciências, Saúde-Manguinhos"
"Alemanha e Brasil, 1870-1945: uma relação entre espaços","2014","História, Ciências, Saúde-Manguinhos"
"Nelson Rockefeller e a atuação da American International Association for Economic and Social Development: debates sobre missão e imperialismo no Brasil, 1946-1961","2013","História, Ciências, Saúde-Manguinhos"
"Homens da cana e hospitais do açúcar: uma arquitetura da saúde no Estado Novo","2011","História, Ciências, Saúde-Manguinhos"
"Field science in the Railroad Era: the tools of knowledge empire in the American West, 1869-1916","2008","História, Ciências, Saúde-Manguinhos"
"A campanha contra a broca-do-café em São Paulo (1924-1927)","2006","História, Ciências, Saúde-Manguinhos"
"Investimentos privados, impactos ambientais e qualidade de vida num empreendimento mineral amazônico: o caso da mina de manganês de Serra do Navio (Amapá)","2000","História, Ciências, Saúde-Manguinhos"
"Os níveis de desenvolvimento socioeconômico da população da Amazônia brasileira: 1970 e 1980","2000","História, Ciências, Saúde-Manguinhos"
"Lições para a história das ciências no Brasil: Instituto Pasteur de São Paulo","1996","História, Ciências, Saúde-Manguinhos"
"Administrando pessoas, recursos e rituais. Pedagogia econômica como tática de governo em Timor-Leste","2016","Horizontes Antropológicos"
"Modas de mulher, modos de comércio: camadas médias, cultura e economia na história do consumo moderno","2016","Horizontes Antropológicos"
"A economia simbólica dos acervos literários: itinerários de produção da crença em Cora Coralina","2016","Horizontes Antropológicos"
"Modernidade seletiva e estado predador: primeira aproximação às revoltas populares em maputo de 2008 e 2010","2014","Horizontes Antropológicos"
"A dinâmica do marketing de rede: relações sociais e expectativas de um novo estilo de vida","2010","Horizontes Antropológicos"
"O mundo dos bens, vinte anos depois","2007","Horizontes Antropológicos"
"O sistema econômico nas sociedades indígenas Guarani pré-coloniais","2002","Horizontes Antropológicos"
"Uma sociedade em mudança: antropologia de uma ""transição"" na Bulgária","2001","Horizontes Antropológicos"
"San Francisco e a nova economia do desejo","2014","Lua Nova: Revista de Cultura e Política"
"Desenvolvimento, progresso e crescimento econômico","2014","Lua Nova: Revista de Cultura e Política"
"Desenvolvimento, progresso e crescimento econômico","2014","Lua Nova: Revista de Cultura e Política"
"Trabalho, solidariedade social e economia solidária","2014","Lua Nova: Revista de Cultura e Política"
"Para onde vai o multilateralismo nas américas?: projetos superpostos num período de mudanças globais","2013","Lua Nova: Revista de Cultura e Política"
"Os imperativos do Brasil no desafiador espaço regional da América do Sul: uma visão da economia política internacional","2013","Lua Nova: Revista de Cultura e Política"
"Relações entre equidade e viabilidade nos empreendimentos solidários","2011","Lua Nova: Revista de Cultura e Política"
"A dimensão econômica da teoria política aristotélica","2009","Lua Nova: Revista de Cultura e Política"
"Mudanças da inserção brasileira na américa latina","2009","Lua Nova: Revista de Cultura e Política"
"O capitalismo coordenado alemão: do boom do pós-guerra à Agenda 2010","2006","Lua Nova: Revista de Cultura e Política"
"Abertura econômica, empresariado e política: os planos doméstico e internacional","2006","Lua Nova: Revista de Cultura e Política"
"São Paulo no contexto da globalização","2006","Lua Nova: Revista de Cultura e Política"
"Estado, mercado e outras instituições reguladoras","2003","Lua Nova: Revista de Cultura e Política"
"Brasil: a economia do capitalismo selvagem","2002","Lua Nova: Revista de Cultura e Política"
"Brasil: a economia do capitalismo selvagem","2002","Lua Nova: Revista de Cultura e Política"
"DINHEIRO, EMOÇÃO E AGÊNCIA: UMA ETNOGRAFIA NO MERCADO FUNERÁRIO DE PORTO ALEGRE","2016","Mana"
"A construção intelectual dos mercados agrícolas: a sociedade francesa dos economistas rurais e a revista Economie Rurale","2010","Mana"
"Política e economia na ação coletiva: uma crítica etnográfica às premissas dicotômicas","2009","Mana"
"Decifra-me ou te devoro! As finanças e a sociedade brasileira","2007","Mana"
"Decifra-me ou te devoro! As finanças e a sociedade brasileira","2007","Mana"
"A gênese social do homo-economicus: a Argélia e a sociologia da economia em Pierre Bourdieu","2006","Mana"
"A gênese social do homo-economicus: a Argélia e a sociologia da economia em Pierre Bourdieu","2006","Mana"
"Lares de cuidado e linhas de sucessão: algumas indicações etnográficas na França, hoje","2006","Mana"
"Práticas econômicas e formas ordinárias de cálculo","2002","Mana"
"O campo dos economistas franceses no fim dos anos 90: lutas de fronteira, autonomia e estrutura","2001","Mana"
"O campo dos economistas franceses no fim dos anos 90: lutas de fronteira, autonomia e estrutura","2001","Mana"
"Cálculo econômico e mobilidades sociais cruzadas em terras gaúchas: estudo sobre mudança da morfologia do patronato rural*","2015","Revista Brasileira de Ciências Sociais"
"Classe social e desigualdade de saúde no Brasil","2011","Revista Brasileira de Ciências Sociais"
"Escândalos, tsunamis e marolas: apontamentos e desapontamentos sobre um traço recorrente da atualidade","2011","Revista Brasileira de Ciências Sociais"
"A economia solidária e o trabalho associativo: teorias e realidades","2009","Revista Brasileira de Ciências Sociais"
"As redes sociais do crime organizado: a perspectiva da nova sociologia econômica","2009","Revista Brasileira de Ciências Sociais"
"As redes sociais do crime organizado: a perspectiva da nova sociologia econômica","2009","Revista Brasileira de Ciências Sociais"
"A política de defesa brasileira: nem racionalismo, nem incrementalismo","2009","Revista Brasileira de Ciências Sociais"
"Economia e sociedade: últimos achados sobre a ""grande obra"" de Max Weber","2008","Revista Brasileira de Ciências Sociais"
"A formação de um mercado de microfinanças no sertão da Bahia","2007","Revista Brasileira de Ciências Sociais"
"A construção social do mercado em Durkheim e Weber: análise do papel das instituições na sociologia econômica clássica","2005","Revista Brasileira de Ciências Sociais"
"Uma classificação socioeconômica para o Brasil","2005","Revista Brasileira de Ciências Sociais"
"Convergência das elites e inovações financeiras: a governança corporativa no Brasil","2005","Revista Brasileira de Ciências Sociais"
"Metamorfoses do Estado brasileiro no final do século XX","2003","Revista Brasileira de Ciências Sociais"
"Atores e ações na construção da governança corporativa brasileira","2003","Revista Brasileira de Ciências Sociais"
"""Informal"", ilegal, injusto: percepções do mercado de trabalho no Brasil","2003","Revista Brasileira de Ciências Sociais"
"Itinerários do capital e seu impacto no cenário inter-regional","2002","Revista Brasileira de Ciências Sociais"
"A estabilização heterodoxa no brasil: idéias e redes políticas","2001","Revista Brasileira de Ciências Sociais"
"A estabilização heterodoxa no brasil: idéias e redes políticas","2001","Revista Brasileira de Ciências Sociais"
"Desigualdade e pobreza: lições de Sen","2000","Revista Brasileira de Ciências Sociais"
"Desigualdade e pobreza: lições de Sen","2000","Revista Brasileira de Ciências Sociais"
"Desigualdade e pobreza no Brasil: retrato de uma estabilidade inaceitável","2000","Revista Brasileira de Ciências Sociais"
"A dolarização do conhecimento técnico profissional e do Estado: processos transnacionais e questões de legitimação na transformação do Estado, 1960-2000","2000","Revista Brasileira de Ciências Sociais"
"Modelos de empresa, modelos de mundo: sobre algumas características culturais da nova ordem econômica e da resistência a ela","1999","Revista Brasileira de Ciências Sociais"
"Os remeiros do São Francisco na literatura","2003","Revista de Antropologia"
"Tempo e espaço entre os  Enawene Nawe","1998","Revista de Antropologia"
"Desenvolvimento e sociologia: uma aproximação necessária","2015","Sociedade e Estado"
"Mudanças de renda no Brasil: fatores espaciais, setoriais, educacionais e de status social","2015","Sociedade e Estado"
"A esquerda, o Estado, a economia: considerações em torno à crise socioeconômica hodierna","2014","Sociedade e Estado"
"Trajetória institucional e políticas de CT&I: o caso do CNAVAL/IPT nos anos 2000","2012","Sociedade e Estado"
"Por um olhar inverso: prismas e questões de pesquisa sobre a economia solidária","2012","Sociedade e Estado"
"Seguro-desemprego no Brasil: a possibilidade de combinar proteção social e melhor funcionamento do mercado de trabalho","2011","Sociedade e Estado"
"Integrando abordagens da economia e da sociologia em análises da produção tecnológica","2010","Sociedade e Estado"
"Desflorestamento na amazônia brasileira: ação coletiva, governança e governabilidade em área de fronteira","2009","Sociedade e Estado"
"Guerra cultural e transformações sociais: as eleições presidenciais de 2006 e a ""blogosfera""","2008","Sociedade e Estado"
"Guerra cultural e transformações sociais: as eleições presidenciais de 2006 e a ""blogosfera""","2008","Sociedade e Estado"
"A construção social do mercado de madeiras certificadas na Amazônia brasileira: a atuação das ONGs ambientalistas e das empresas pioneiras","2007","Sociedade e Estado"
"A racionalidade dos formatos produtivos autogestionários","2006","Sociedade e Estado"
"Economia e cultura no circuito das festas populares brasileiras","2005","Sociedade e Estado"
"Avanços e desafios da Nova Sociologia Econômica: notas sobre os estudos sociológicos do mercado","2002","Sociedade e Estado"
"Avanços e desafios da Nova Sociologia Econômica: notas sobre os estudos sociológicos do mercado","2002","Sociedade e Estado"
"As potencialidades analíticas da Nova Sociologia Econômica","2002","Sociedade e Estado"
"Max Weber: family history, economic policy, exchange reform","2002","Sociedade e Estado"
"Max Weber: family history, economic policy, exchange reform","2002","Sociedade e Estado"
"Da sociologia econômica à sociologia da empresa: para uma sociologia da empresa Brasileira","2002","Sociedade e Estado"
"Contribuições da Sociologia Econômica à teoria das organizações","2002","Sociedade e Estado"
"Distributing intelligence and organizing diversity in new media projects","2002","Sociedade e Estado"
"Mediações institucionais e inovações metodológicas: a teoria da regulação e a formalização da dinâmica econômica histórica","2002","Sociedade e Estado"
"Economia solidária, a perspectiva européia","2001","Sociedade e Estado"
"Economia solidária versus economia capitalista","2001","Sociedade e Estado"
"Em busca de novas solidariedades: os empreendimentos da economia social em questão","2001","Sociedade e Estado"
"A problemática da economia solidária: uma perspectiva internacional","2001","Sociedade e Estado"
"A problemática da economia solidária: uma perspectiva internacional","2001","Sociedade e Estado"
"Racismo e Saúde: um corpus crescente de evidência internacional","2015","Sociologias"
"Mudança social e teoria da economia solidária. Uma perspectiva maussiana","2014","Sociologias"
"Mudança social e teoria da economia solidária. Uma perspectiva maussiana","2014","Sociologias"
"Sustentabilidade entre interdisciplinaridade e propositividade: um olhar                para artigos científicos em ecologia, economia, sociologia e                antropologia","2014","Sociologias"
"As articulações entre intimidade e trabalho: a construção social de um mercado de trabalho livre no oeste paulista cafeeiro","2012","Sociologias"
"""Parcerias"" com a cana-de-açúcar: tensões e contradições no desenvolvimento das experiências de assentamentos rurais em São Paulo","2011","Sociologias"
"Rumo ao desenvolvimento espacial sustentável? Explorando as implicações da nova bioeconomia no setor agroalimentar e na inovação regional","2011","Sociologias"
"Rumo ao desenvolvimento espacial sustentável? Explorando as implicações da nova bioeconomia no setor agroalimentar e na inovação regional","2011","Sociologias"
"Estados de bem-estar social e estratégias de desenvolvimento na América Latina: um novo desenvolvimentismo em gestação?","2011","Sociologias"
"A face oculta(da) dos movimentos sociais: trânsito institucional e intersecção Estado-Movimento - uma análise do movimento de economia solidária no Rio Grande do Sul","2011","Sociologias"
"Participação, empreendedorismo e autogestão: uma nova cultura do trabalho?","2010","Sociologias"
"Os Valores da Economia Solidária","2009","Sociologias"
"Universidades VS terciarização do ensino superior: a lógica da expansão do acesso com manutenção da desigualdade: o caso brasileiro","2007","Sociologias"
"Elites econômicas, apropriação da riqueza e desigualdades","2007","Sociologias"
"Desigualdades socioeconômicas: conceitos e problemas de pesquisa","2007","Sociologias"
"Transformações na realidade do trabalho no Brasil e em Portugal","2004","Sociologias"
"Além da ""Monocultura Institucional"": instituições, capacidades e o desenvolvimento deliberativo","2003","Sociologias"
"Regulação em saúde: análise de conceitos fundamentais","2002","Sociologias"
"Análise comparativa dos efeitos da base socioeconômica, dos tipos de crime e das condições de prisão na reincidência criminal","2002","Sociologias"
"Realidade territorial de unidades familiares no semiárido brasileiro","2016","Tempo Social"
"A sociologia dos índices de sustentabilidade","2012","Tempo Social"
"Uma sociologia do business na capital mexicana","2010","Tempo Social"
"Anticapitalismo e inserção social dos mercados","2009","Tempo Social"
"A economia entre crises: economia política e finanças na Universidade de Buenos Aires (1870-1900)","2009","Tempo Social"
"Financeirização de esquerda? Frutos inesperados no Brasil do século XXI","2009","Tempo Social"
"O assalto à educação pelos economistas","2008","Tempo Social"
"Usos e limites da teoria da escolha racional da religião","2008","Tempo Social"
"Bourdieu e a nova sociologia econômica","2007","Tempo Social"
"Bourdieu e a nova sociologia econômica","2007","Tempo Social"
"Raízes alemãs da sociologia econômica","2006","Tempo Social"
"As origens da Embraer","2005","Tempo Social"
"Sociologia econômica: hoje e amanhã","2004","Tempo Social"
"Sociologia econômica: hoje e amanhã","2004","Tempo Social"
"Entre Deus e o diabo: mercados e interação humana nas ciências sociais","2004","Tempo Social"
"Entre Deus e o diabo: mercados e interação humana nas ciências sociais","2004","Tempo Social"
"Restrições benéficas: benéficas para quem?","2004","Tempo Social"
"A doação de órgãos: a lei, o mercado e as famílias","2004","Tempo Social"
"A sociologia das finanças e a nova geografia do poder no Brasil","2004","Tempo Social"
"A sociologia das finanças e a nova geografia do poder no Brasil","2004","Tempo Social"
"Economistas e culturas econômicas no Brasil e na Argentina: notas para uma comparação a propósito das heterodoxias","2004","Tempo Social"
"Economistas e culturas econômicas no Brasil e na Argentina: notas para uma comparação a propósito das heterodoxias","2004","Tempo Social"
"Política econômica do segundo governo FHC: mudança em condições adversas","2003","Tempo Social"
"O segundo governo FHC: coalizões, agendas e instituições","2003","Tempo Social"
"Crise e desregulação do trabalho no Brasil","2001","Tempo Social"
"O Brasil sob Cardoso: neoliberalismo e desenvolvimentismo","1999","Tempo Social"
"Além da estabilização: do Plano Real à reconstrução da economia política brasileira","1999","Tempo Social"
"Além da estabilização: do Plano Real à reconstrução da economia política brasileira","1999","Tempo Social"
"A classe média no mundo do neoliberalismo","1998","Tempo Social"
"A classe média no mundo do neoliberalismo","1998","Tempo Social"
"Questão urbana e envelhecimento populacional: breves conexões entre o direito à cidade e o idoso no mercado de trabalho","2016","Cadernos Metrópole"
"Risco de dependência do álcool: prevalência, problemas relacionados e fatores socioeconômico","2016","Ciência & Saúde Coletiva"
"Determinantes da implementação da política pública de um volume essencial de água gratuita em Bogotá e Medellín, Colômbia","2016","Ciência & Saúde Coletiva"
"Associação entre consumo alimentar, atividade física, fatores socioeconômicos e percentual de gordura corporal em escolares","2016","Ciência & Saúde Coletiva"
"Estilo de vida em pacientes portadores de diabetes mellitus tipo 1: uma revisão sistemática","2016","Ciência & Saúde Coletiva"
"Estilo de vida em pacientes portadores de diabetes mellitus tipo 1: uma revisão sistemática","2016","Ciência & Saúde Coletiva"
"Inadequação do conteúdo da assistência pré-natal e fatores associados em uma coorte no nordeste brasileiro","2016","Ciência & Saúde Coletiva"
"Fatores associados à qualidade de vida de idosos comunitários da macrorregião do Triângulo do Sul, Minas Gerais, Brasil","2016","Ciência & Saúde Coletiva"
"Fatores associados à qualidade de vida de idosos comunitários da macrorregião do Triângulo do Sul, Minas Gerais, Brasil","2016","Ciência & Saúde Coletiva"
"Desigualdade no perfil dos idosos institucionalizados na cidade de Natal, Brasil","2016","Ciência & Saúde Coletiva"
"Desigualdade no perfil dos idosos institucionalizados na cidade de Natal, Brasil","2016","Ciência & Saúde Coletiva"
"Federalismo, complexo econômico-industrial da saúde e assistência farmacêutica de alto custo no Brasil","2015","Ciência & Saúde Coletiva"
"Federalismo, complexo econômico-industrial da saúde e assistência farmacêutica de alto custo no Brasil","2015","Ciência & Saúde Coletiva"
"Gastos com planos de saúde das famílias brasileiras: estudo descritivo com dados das Pesquisas de Orçamentos Familiares 2002-2003 e 2008-2009","2015","Ciência & Saúde Coletiva"
"Gastos com planos de saúde das famílias brasileiras: estudo descritivo com dados das Pesquisas de Orçamentos Familiares 2002-2003 e 2008-2009","2015","Ciência & Saúde Coletiva"
"Mobilidade social e tabagismo: uma revisão sistemática","2015","Ciência & Saúde Coletiva"
"Mobilidade social e tabagismo: uma revisão sistemática","2015","Ciência & Saúde Coletiva"
"Fatores associados ao consumo de bebidas açucaradas entre pré-escolares brasileiros: inquérito nacional de 2006","2015","Ciência & Saúde Coletiva"
"Uma análise da prevenção do câncer de mama no Brasil","2015","Ciência & Saúde Coletiva"
"Estudos de custo-efetividade em saúde no Brasil: uma revisão sistemática","2015","Ciência & Saúde Coletiva"
"Fatores sociodemográficos e imagem corporal em adolescentes do ensino médio","2015","Ciência & Saúde Coletiva"
"Relação entre condição gengival e fatores sociodemográficos de adolescentes residentes em uma região brasileira","2015","Ciência & Saúde Coletiva"
"Autoavaliação negativa de saúde em idosos de cidades com diferentes níveis de bem-estar econômico: dados do Estudo FIBRA","2015","Ciência & Saúde Coletiva"
"Autoavaliação negativa de saúde em idosos de cidades com diferentes níveis de bem-estar econômico: dados do Estudo FIBRA","2015","Ciência & Saúde Coletiva"
"Custo das doenças atribuíveis a fatores ambientais na cidade de Manaus, Amazonas, Brasil","2014","Ciência & Saúde Coletiva"
"Estudo ecológico sobre suicídio e homicídio no Brasil","2014","Ciência & Saúde Coletiva"
"Fatores associados ao excesso de peso em adultos usuários de restaurantes populares em Belo Horizonte, Brasil","2014","Ciência & Saúde Coletiva"
"Há irracionalidades no consumo de inibidores de apetite no Brasil? Uma análise farmacoeconométrica de dados em painel","2014","Ciência & Saúde Coletiva"
"Prevalência e fatores associados à Insegurança Alimentar e Nutricional em famílias dos municípios do norte de Alagoas, Brasil, 2010","2014","Ciência & Saúde Coletiva"
"Variáveis de impacto na queda da mortalidade infantil no Estado de São Paulo, Brasil, no período de 1998 a 2008","2014","Ciência & Saúde Coletiva"
"Implicações do desenvolvimento econômico no trabalho, ambiente e saúde em comunidades portuárias no Ceará, Brasil","2014","Ciência & Saúde Coletiva"
"Gastos com saúde das famílias brasileiras residentes em regiões metropolitanas: composição e evolução no período 1995-2009","2013","Ciência & Saúde Coletiva"
"Gastos com saúde das famílias brasileiras residentes em regiões metropolitanas: composição e evolução no período 1995-2009","2013","Ciência & Saúde Coletiva"
"Os Governos FHC e Lula e a política para a força de trabalho civil do Governo Central Brasileiro","2013","Ciência & Saúde Coletiva"
"Suficiência de renda percebida por pessoas idosas no Município de São Paulo/Brasil","2013","Ciência & Saúde Coletiva"
"Perfil das hospitalizações e fatores associados em idosos usuários do SUS","2013","Ciência & Saúde Coletiva"
"Prevalência de anemia e sua associação com aspectos sociodemográficos e antropométricos em crianças de Vitória, Espírito Santo, Brasil","2013","Ciência & Saúde Coletiva"
"Prevalência e fatores associados ao consumo abusivo e à dependência de álcool","2013","Ciência & Saúde Coletiva"
"Avaliação em Saúde e Avaliação Econômica em Saúde: introdução ao debate sobre seus pontos de interseção","2012","Ciência & Saúde Coletiva"
"Avaliação em Saúde e Avaliação Econômica em Saúde: introdução ao debate sobre seus pontos de interseção","2012","Ciência & Saúde Coletiva"
"Despesa pública municipal com saúde em Pernambuco, Brasil, de 2000 a 2007","2012","Ciência & Saúde Coletiva"
"Perfil do idoso dependente de cuidado domiciliar em comunidades de baixo nível socioeconômico de Porto Alegre, Rio Grande do Sul","2012","Ciência & Saúde Coletiva"
"Saúde e economia verde: desafios para o desenvolvimento sustentável e erradicação da pobreza","2012","Ciência & Saúde Coletiva"
"Governança ambiental e economia verde","2012","Ciência & Saúde Coletiva"
"Governança ambiental e economia verde","2012","Ciência & Saúde Coletiva"
"Governança em saúde e ambiente para o desenvolvimento sustentável","2012","Ciência & Saúde Coletiva"
"Vulnerabilidade social, individual e programática em idosos da comunidade: dados do estudo FIBRA, Campinas, SP, Brasil","2012","Ciência & Saúde Coletiva"
"Estudo ecológico sobre o desenvolvimento da saúde no Brasil","2012","Ciência & Saúde Coletiva"
"Desigualdades na mortalidade por doenças cardiovasculares em pequenos municípios","2012","Ciência & Saúde Coletiva"
"Condições socioeconômicas e câncer de cabeça e pescoço: uma revisão sistemática de literatura","2011","Ciência & Saúde Coletiva"
"Impactos socioeconômicos de uma doença emergente","2011","Ciência & Saúde Coletiva"
"Planejamento familiar na perspectiva do desenvolvimento","2011","Ciência & Saúde Coletiva"
"Incapacidade funcional em mulheres idosas de baixa renda","2011","Ciência & Saúde Coletiva"
"Estudo da demanda ambulatorial da clínica de odontologia da Universidade do Estado do Amazonas","2011","Ciência & Saúde Coletiva"
"Avaliação de desempenho econômico-financeiro dos serviços de saúde: os reflexos das políticas operacionais no setor hospitalar","2011","Ciência & Saúde Coletiva"
"Validação da versão brasileira do questionário genérico de qualidade de vida short-form 6 dimensions (SF-6D Brasil)","2011","Ciência & Saúde Coletiva"
"Status socioeconômico como determinante de fatores de risco associados com o sobrepeso em adolescentes","2011","Ciência & Saúde Coletiva"
"Fatores associados à experiência de cárie em escolares de um município com baixa prevalência de cárie dentária","2011","Ciência & Saúde Coletiva"
"O agir econômico como motor da política de saúde na Alemanha: consequências para a prevenção e promoção da saúde","2009","Ciência & Saúde Coletiva"
"O agir econômico como motor da política de saúde na Alemanha: consequências para a prevenção e promoção da saúde","2009","Ciência & Saúde Coletiva"
"Análise de custos com pessoal e produtividade de equipes do programa de saúde da família em Fortaleza, Ceará","2009","Ciência & Saúde Coletiva"
"Variáveis sociodemográficas como determinantes do domínio meio ambiente da qualidade de vida de adolescentes","2009","Ciência & Saúde Coletiva"
"Avaliação econômica em Saúde na esfera de atenção local à saúde","2009","Ciência & Saúde Coletiva"
"Padrões de acumulação setorial: finanças e serviços nas transformações contemporâneas da saúde","2008","Ciência & Saúde Coletiva"
"Uso racional de medicamentos: uma abordagem econômica para tomada de decisões","2008","Ciência & Saúde Coletiva"
"Uso racional de medicamentos: uma abordagem econômica para tomada de decisões","2008","Ciência & Saúde Coletiva"
"Agrotóxicos: eficiência econômica e injustiça socioambiental","2007","Ciência & Saúde Coletiva"
"Classificação socioeconômica e sua discussão em relação à prevalência de cárie e fluorose dentária","2007","Ciência & Saúde Coletiva"
"Caracterização dos cuidadores de crianças HIV+/AIDS abordando a qualidade de vida, a classificação socioeconômica e temas relacionados à saúde bucal","2007","Ciência & Saúde Coletiva"
"Os vários mundos do financiamento da Saúde no Brasil: uma tentativa de integração","2007","Ciência & Saúde Coletiva"
"Determinantes individuais e contextuais da necessidade de tratamento odontológico na dentição decídua no Brasil","2006","Ciência & Saúde Coletiva"
"Tendências da indústria de equipamentos odontológicos no Brasil entre 1990 e 2002: notas prévias","2006","Ciência & Saúde Coletiva"
"Auto-avaliação do estado de saúde no Brasil: análise dos dados da PNAD/2003","2006","Ciência & Saúde Coletiva"
"Eqüidade na alocação de recursos para a saúde: a experiência do estado do Rio Grande do Sul, Brasil","2005","Ciência & Saúde Coletiva"
"Farmacoeconomia: perspectiva emergente no processo de tomada de decisão","2005","Ciência & Saúde Coletiva"
"Farmacoeconomia: perspectiva emergente no processo de tomada de decisão","2005","Ciência & Saúde Coletiva"
"O complexo industrial da saúde e a necessidade de um enfoque dinâmico na economia da saúde","2003","Ciência & Saúde Coletiva"
"Trabalho infantil em Pelotas: perfil ocupacional e contribuição à economia","2003","Ciência & Saúde Coletiva"
"Saúde pública no Primeiro e Terceiro Mundos: desafios e perspectivas","2002","Ciência & Saúde Coletiva"
"Prevalência de doenças crônicas auto-referidas e utilização de serviços de saúde, PNAD/1998, Brasil","2002","Ciência & Saúde Coletiva"
"Diferenciais de gênero no impacto do arranjo familiar no status de saúde dos idosos brasileiros","2002","Ciência & Saúde Coletiva"
"As reformas do Estado, da saúde e recursos humanos: limites e possibilidades","2001","Ciência & Saúde Coletiva"
"Gestão, planejamento e avaliação de políticas de ciência e tecnologia: hora de rever?","1999","Ciência & Saúde Coletiva"
"CONTA PETRÓLEO E A BALANÇA COMERCIAL BRASILEIRA: UMA ANÁLISE DO PERÍODO RECENTE","2015","Novos Estudos - CEBRAP"
"Desenvolvimento e equidade: Desafios do crescimento brasileiro","2014","Novos Estudos - CEBRAP"
"Desenvolvimento e equidade: Desafios do crescimento brasileiro","2014","Novos Estudos - CEBRAP"
"Biotecnologia em saúde humana no Brasil: produção científica e pesquisa e desenvolvimento","2014","Novos Estudos - CEBRAP"
"O cortiço, romance econômico","2014","Novos Estudos - CEBRAP"
"A gestão macroeconômica do governo Dilma (2011 e 2012)","2013","Novos Estudos - CEBRAP"
"A gestão macroeconômica do governo Dilma (2011 e 2012)","2013","Novos Estudos - CEBRAP"
"As crises do capitalismo democrático","2012","Novos Estudos - CEBRAP"
"Mal-estar no pós-neoliberalismo","2012","Novos Estudos - CEBRAP"
"O modelo espanhol","2012","Novos Estudos - CEBRAP"
"O modelo espanhol","2012","Novos Estudos - CEBRAP"
"Afinal, a desconcentração produtiva é ou não relevante? A cidade de São Paulo no olho do furacão","2012","Novos Estudos - CEBRAP"
"O braço direito dos Estados Unidos? o dilema da República Popular da China na crise global","2011","Novos Estudos - CEBRAP"
"O braço direito dos Estados Unidos? o dilema da República Popular da China na crise global","2011","Novos Estudos - CEBRAP"
"Abrindo espaço para a China na economia mundial","2011","Novos Estudos - CEBRAP"
"Crescimento econômico e desenvolvimento urbano: por que nossas cidades continuam tão precárias?","2011","Novos Estudos - CEBRAP"
"Trabalhar para estudar: sobre a pertinência da noção de transição escola-trabalho no Brasil","2011","Novos Estudos - CEBRAP"
"Notas para entender a realidade mexicana","2010","Novos Estudos - CEBRAP"
"Possibilismo: vida e obra de Albert O. Hirschman","2009","Novos Estudos - CEBRAP"
"O retorno de Keynes","2009","Novos Estudos - CEBRAP"
"O retorno de Keynes","2009","Novos Estudos - CEBRAP"
"Sobre a qualidade do crescimento: atores, instituições e desenvolvimento local","2009","Novos Estudos - CEBRAP"
"Ilegalismos urbanos e a cidade","2009","Novos Estudos - CEBRAP"
"A sociologia dos mercados de trabalho, ontem e hoje","2009","Novos Estudos - CEBRAP"
"Poder, redes e ideologia no campo do desenvolvimento","2008","Novos Estudos - CEBRAP"
"A técnica como capital e o capital humano genético","2008","Novos Estudos - CEBRAP"
"O grau zero da arquitetura na era financeira","2008","Novos Estudos - CEBRAP"
"Um novo futuro","2008","Novos Estudos - CEBRAP"
"Um novo futuro","2008","Novos Estudos - CEBRAP"
"As contradições do ciclo de commodities","2008","Novos Estudos - CEBRAP"
"As contradições do ciclo de commodities","2008","Novos Estudos - CEBRAP"
"As contradições do ciclo de commodities","2008","Novos Estudos - CEBRAP"
"Muito além da especialização regressiva e da doença holandesa: oportunidades para o desenvolvimento brasileiro","2008","Novos Estudos - CEBRAP"
"Muito além da especialização regressiva e da doença holandesa: oportunidades para o desenvolvimento brasileiro","2008","Novos Estudos - CEBRAP"
"Uma introdução ao capitalismo dirigido pelas finanças","2008","Novos Estudos - CEBRAP"
"Uma introdução ao capitalismo dirigido pelas finanças","2008","Novos Estudos - CEBRAP"
"A crise financeira e o global shadow banking system","2008","Novos Estudos - CEBRAP"
"A crise em perspectiva: 1929 e 2008","2008","Novos Estudos - CEBRAP"
"Investimento público no Brasil: propostas para desatar o nó","2007","Novos Estudos - CEBRAP"
"Nacionalismo e desenvolvimento","2007","Novos Estudos - CEBRAP"
"Mecanismos sutis: tecnologia e crescimento econômico","2007","Novos Estudos - CEBRAP"
"Euforia e pessimismo: os ciclos de ativos, crédito e investimento da economia americana após 1982","2007","Novos Estudos - CEBRAP"
"A última instância: as instituições são a causa primordial do desenvolvimento econômico?","2005","Novos Estudos - CEBRAP"
"Suave fracasso: a política macroeconômica brasileira entre 1999 e 2005","2005","Novos Estudos - CEBRAP"
"Suave fracasso: a política macroeconômica brasileira entre 1999 e 2005","2005","Novos Estudos - CEBRAP"
"Os custos eleitorais do Bolsa Família: reavaliando seu impacto sobre a eleição presidencial de 2006","2015","Opinião Pública"
"A dimensão geográfica das eleições brasileiras","2013","Opinião Pública"
"Medidas de nível socioeconômico em pesquisas sociais: uma aplicação aos dados de uma pesquisa educacional","2009","Opinião Pública"
"Dois Lulas: a geografia eleitoral da reeleição (explorando conceitos, métodos e técnicas de análise geoespacial)","2008","Opinião Pública"
"Por quê confiamos nas instituições? O caso boliviano","2006","Opinião Pública"
"Poder direcionador?: um estudo comparativo de opinião pública e distribuição de renda","2005","Opinião Pública"
"A economia cubana no início do século XXI: avaliação do desempenho e debate sobre o futuro","2003","Opinião Pública"
"Os riscos na reestruturação econômica da América Latina: lições da teoria prospectiva","2000","Opinião Pública"
"Apoio popular à integração econômica regional na América Latina","2000","Opinião Pública"
"Igreja Católica e mercados: a ambivalência entre a solidariedade e a competição","2007","Religião & Sociedade"
"O impacto da crise econômica espanhola na mão de obra imigrante","2015","Revista Brasileira de Estudos de População"
"Uma análise da pobreza multidimensional do Nordeste metropolitano com uso de modelo de equações estruturais","2015","Revista Brasileira de Estudos de População"
"Uma análise da pobreza multidimensional do Nordeste metropolitano com uso de modelo de equações estruturais","2015","Revista Brasileira de Estudos de População"
"O pós-abolição e suas dinâmicas de sociabilidade: lógicas familiares e relações interpessoais no oeste paulista cafeeiro","2013","Revista Brasileira de Estudos de População"
"Padrões de nupcialidade na economia cafeeira de São Paulo (1860-1930)","2012","Revista Brasileira de Estudos de População"
"Estrutura social e transmissão intergeracional de status: uma análise hierárquica","2012","Revista Brasileira de Estudos de População"
"Estrutura social e transmissão intergeracional de status: uma análise hierárquica","2012","Revista Brasileira de Estudos de População"
"Diferenças intertemporais na média e distribuição do desempenho escolar no Brasil: o papel do nível socioeconômico, 1997 a 2005","2011","Revista Brasileira de Estudos de População"
"Von Thünen e o abastecimento madeireiro de centros urbanos pré-industriais","2011","Revista Brasileira de Estudos de População"
"Idade materna e mortalidade infantil: efeitos nulos, biológicos ou socioeconômicos?","2010","Revista Brasileira de Estudos de População"
"Saúde e crescimento econômico entre 1991 e 2000: uma análise empírica para os Estados Brasileiros","2010","Revista Brasileira de Estudos de População"
"População, grupos étnico-raciais e economia cafeeira: São Carlos, 1907","2009","Revista Brasileira de Estudos de População"
"Insegurança alimentar, condições socioeconômicas e indicadores antropométricos em crianças da Região Metropolitana do Rio de Janeiro/Brasi","2009","Revista Brasileira de Estudos de População"
"Força de trabalho e desemprego na Região Metropolitana do Rio de Janeiro nos anos 1990: o efeito dos fatores demográficos","2006","Revista Brasileira de Estudos de População"
"O IBGE e as pesquisas populacionais","2005","Revista Brasileira de Estudos de População"
"Das causas às conseqüências econômicas da transição demográfica no Brasil","2005","Revista Brasileira de Estudos de População"
"Mobilidade populacional, sustentabilidade ambiental e vulnerabilidade social","2005","Revista Brasileira de Estudos de População"
"Igualdade de gênero e políticas macroeconômicas","2016","Revista Estudos Feministas"
"""É a macroeconomia, idiota!""","2016","Revista Estudos Feministas"
"Igualdade para todas: estratégias para políticas públicas e ações do movimento","2016","Revista Estudos Feministas"
"Transversalidade de gênero e políticas sociais no orçamento do estado de Mato Grosso","2010","Revista Estudos Feministas"
"Participação no mercado de trabalho e no trabalho doméstico: homens e mulheres têm condições iguais?","2010","Revista Estudos Feministas"
"Sexo e cor: categorias de controle social e reprodução das desigualdades socioeconômicas no brasil","2009","Revista Estudos Feministas"
"A epistemologia de Hugh Lacey em diálogo com a Economia Feminista: neutralidade, objetividade e pluralismo","2008","Revista Estudos Feministas"
"Território, soberania e crimes de segundo Estado: a escritura nos corpos das mulheres de Ciudad Juarez","2005","Revista Estudos Feministas"
"Os primórdios da organização do espaço territorial e da vila cearense: algumas notas","2012","Anais do Museu Paulista: História e Cultura Material"
"Uma capitania dos novos tempos: economia, sociedade e política na São Paulo restaurada (1765-1822)","2009","Anais do Museu Paulista: História e Cultura Material"
"A invenção como ofício: as máquinas de preparo e benefício do café no século XIX","2006","Anais do Museu Paulista: História e Cultura Material"
"Inovações técnicas e atitudes intelectuaís na literatura açucareiro francesa e luso-brasileira da primeira metade do século XVIII","1997","Anais do Museu Paulista: História e Cultura Material"
"Pesca do apaiari, Astronotus ocellatus (Agassiz, 1831), e perfil socioeconômico dos pescadores artesanais de uma região da Amazônia brasileira","2016","Boletim do Museu Paraense Emílio Goeldi. Ciências Humanas"
"Macrodinâmicas da comunicação midiática na Amazônia","2013","Boletim do Museu Paraense Emílio Goeldi. Ciências Humanas"
"Mercado e produção de terras na Amazônia: avaliação referida a trajetórias tecnológicas","2010","Boletim do Museu Paraense Emílio Goeldi. Ciências Humanas"
"A casa e a roça: socioeconomia, demografia e agricultura em populações quilombolas do Vale do Ribeira, São Paulo, Brasil","2008","Boletim do Museu Paraense Emílio Goeldi. Ciências Humanas"
"Teoria econômica e problemas com remuneração de professores por resultados","2014","Cadernos de Pesquisa"
"Teoria econômica e problemas com remuneração de professores por resultados","2014","Cadernos de Pesquisa"
"A valorização total do espaço: capitalismo e geografia em Civilisation Matérielle, Économie et capitalisme - XV-XVIII","2011","Estudos Históricos (Rio de Janeiro)"
"A valorização total do espaço: capitalismo e geografia em Civilisation Matérielle, Économie et capitalisme - XV-XVIII","2011","Estudos Históricos (Rio de Janeiro)"
"Joaquim Murtinho, banqueiro: notas sobre a experiência do Banco Rio e Mato Grosso (1891-1902)","2010","Estudos Históricos (Rio de Janeiro)"
"Vagas da modernidade: a Companhia Nacional de Álcalis em Arraial do Cabo (1943-964)","2010","Estudos Históricos (Rio de Janeiro)"
"Entidades performáticas e desestabilização: o desenvolvimento local para além do mainstream","2016","Interações (Campo Grande)"
"Risco positivo na atividade de crédito que otimiza o desempenho econômico-financeiro de cooperativas de crédito","2016","Interações (Campo Grande)"
"Mensurando a sustentabilidade ambiental: uma proposta de índice para o Mato Grosso do Sul","2016","Interações (Campo Grande)"
"Utilização da técnica da análise de clusters ao emprego da indústria criativa entre 2000 e 2010: estudo da Região do Consinos, RS","2015","Interações (Campo Grande)"
"História econômica de Forquilhinha (1895-2011): de núcleo colonial a município","2015","Interações (Campo Grande)"
"Turismo alternativo solidário e o Centro Público de Economia Solidária de Itajaí, SC","2015","Interações (Campo Grande)"
"Produtividade e eficiência no setor agropecuário do nordeste brasileiro","2015","Interações (Campo Grande)"
"A pesquisa na área econômica sobre meio ambiente no Brasil: um estudo sobre a produção dos Programas de Pós-graduação Stricto Sensu da área de Economia de 2007 a 2012","2015","Interações (Campo Grande)"
"Políticas públicas municipais e economia solidária","2014","Interações (Campo Grande)"
"Economia Solidária e Design Social: iniciativas sustentáveis com resíduos vegetais para produção artesanal","2014","Interações (Campo Grande)"
"Pantanal Mato-Grossense: considerações sobre a proteção constitucional para um desenvolvimento econômico sustentável","2013","Interações (Campo Grande)"
"Valoração econômica de uma unidade de conservação urbana, Cuiabá, Mato Grosso","2013","Interações (Campo Grande)"
"Avicultura familiar como alternativa de desenvolvimento sustentável em comunidades ribeirinhas do Amazonas","2013","Interações (Campo Grande)"
"Impactos dos royalties do petróleo nos indicadores de desenvolvimento dos municípios do Espírito Santo","2013","Interações (Campo Grande)"
"Sistema Integrado de Inovação Tecnológica Social: programa de incubação de empreendimentos econômicos solidários EIT-UFMT","2012","Interações (Campo Grande)"
"Capital humano e crescimento econômico","2010","Interações (Campo Grande)"
"Desenvolvimento local e agricultura familiar: o caso da produção de açúcar mascavo em Capanema - Paraná","2009","Interações (Campo Grande)"
"Desenvolvimento local, empreendedorismo e capital social: o caso de Terra Roxa no estado do Paraná","2008","Interações (Campo Grande)"
"Desenvolvimento local em Guaíra-PR: impasses e alternativas","2007","Interações (Campo Grande)"
"Gestão do desenvolvimento econômico local: algumas considerações","2006","Interações (Campo Grande)"
"Dinâmica do capital e sistemas locais de saúde: em busca de uma análise integradora do setor saúde","2006","Interface - Comunicação, Saúde, Educação"
"Dinâmica do capital e sistemas locais de saúde: em busca de uma análise integradora do setor saúde","2006","Interface - Comunicação, Saúde, Educação"
"Modelos econométricos de estimativa da força de trabalho: uma revisão integrativa da literatura","2013","Physis: Revista de Saúde Coletiva"
"Complexo médico-industrial/financeiro: os lados epistemológico e axiológico da balança","2012","Physis: Revista de Saúde Coletiva"
"Aspectos clínicos e socioeconômicos das dislipidemias em portadores de doenças cardiovasculares","2011","Physis: Revista de Saúde Coletiva"
"É economicamente viável regionalizar a atuação de um hospital público de médio porte?","2010","Physis: Revista de Saúde Coletiva"
"Associação do status socioeconômico com obesidade","2008","Physis: Revista de Saúde Coletiva"
"Perspectivas da investigação sobre determinantes sociais em câncer","2008","Physis: Revista de Saúde Coletiva"
"Renúncia de arrecadação fiscal: subsídios para discussão e formulação de uma política pública","2007","Physis: Revista de Saúde Coletiva"
"A economia do gozo e os impasses da justiça. Uma leitura psicanalítica da justiça","1996","Physis: Revista de Saúde Coletiva"
"A economia do gozo e os impasses da justiça. Uma leitura psicanalítica da justiça","1996","Physis: Revista de Saúde Coletiva"
"POSSIBILIDADES PARA A PSICOLOGIA NA ECONOMIA SOLIDÁRIA: ATUAÇÃO NUMA ITCP","2015","Psicologia & Sociedade"
"SAÚDE MENTAL E ECONOMIA SOLIDÁRIA: CARTOGRAFIAS DO SEU DISCURSO POLÍTICO","2015","Psicologia & Sociedade"
"Compreensão econômica de estudantes entre 10 e 15 anos","2014","Psicologia & Sociedade"
"Compreensão econômica de estudantes entre 10 e 15 anos","2014","Psicologia & Sociedade"
"Relações entre autogestão e cidadania: o papel da participação em uma cooperativa na construção da identidade de cidadão","2014","Psicologia & Sociedade"
"Sequestro extorsivo econômico: significados construídos por um casal sobreviviente","2014","Psicologia & Sociedade"
"Trabalho e política no cotidiano da autogestão: a rede Justatrama","2014","Psicologia & Sociedade"
"O talento jovem, a internet e o mercado de trabalho da ""economia criativa""","2011","Psicologia & Sociedade"
"Os sentidos do cooperativismo de trabalho: as cooperativas de mão-de-obra à luz da vivência dos trabalhadores","2007","Psicologia & Sociedade"
"Saúde mental e economia solidária: análise das relações de trabalho em uma cooperativa de confecção de Porto Alegre","2006","Psicologia & Sociedade"
"Novos caminhos, cooperação e solidariedade: a Psicologia em empreendimentos solidários","2005","Psicologia & Sociedade"
"Possibilidades solidárias e emancipatórias do trabalho: campo fértil para a prática da psicologia social crítica","2005","Psicologia & Sociedade"
"Socialização econômica em famílias chilenas de classe média: educando cidadãos ou consumidores?","2005","Psicologia & Sociedade"
"Socialização econômica em famílias chilenas de classe média: educando cidadãos ou consumidores?","2005","Psicologia & Sociedade"
"Psicologia e cooperetivismo solidário: possíveis (des)encontros","2004","Psicologia & Sociedade"
"CRITÉRIOS DE ESTRATIFICAÇÃO E COMPARAÇÃO DE CLASSIFICADORES SOCIOECONÔMICOS NO BRASIL","2016","Revista de Administração de Empresas"
"CRITÉRIOS DE ESTRATIFICAÇÃO E COMPARAÇÃO DE CLASSIFICADORES SOCIOECONÔMICOS NO BRASIL","2016","Revista de Administração de Empresas"
"CRITÉRIOS DE ESTRATIFICAÇÃO E COMPARAÇÃO DE CLASSIFICADORES SOCIOECONÔMICOS NO BRASIL","2016","Revista de Administração de Empresas"
"Reanalisando a competitividade na indústria do futebol: Diferença acumulada de pontos","2016","Revista de Administração de Empresas"
"Sobre variáveis psicológicas em modelos de application scoring","2015","Revista de Administração de Empresas"
"Gerenciamento de resultados e crises econômicas no mercado de capitais brasileiro","2014","Revista de Administração de Empresas"
"Gerenciamento de resultados e crises econômicas no mercado de capitais brasileiro","2014","Revista de Administração de Empresas"
"DEMONSTRAÇÃO DE RESULTADO ECONÔMICO: PERCEPÇÃO DO COMANDO DA AERONÁUTICA DO BRASIL","2014","Revista de Administração de Empresas"
"Influência da conexão política na diversificação dos grupos empresariais brasileiros","2013","Revista de Administração de Empresas"
"Competitividade das nações: análise da métrica utilizada pelo World Economic Forum","2012","Revista de Administração de Empresas"
"(Des)fetichização do produtivismo acadêmico: desafios para o trabalhador-pesquisador","2011","Revista de Administração de Empresas"
"(Des)fetichização do produtivismo acadêmico: desafios para o trabalhador-pesquisador","2011","Revista de Administração de Empresas"
"Avaliação do impacto regulatório e sua difusão no contexto brasileiro","2011","Revista de Administração de Empresas"
"Indústrias criativas: definição, limites e possibilidades","2009","Revista de Administração de Empresas"
"Tecnologia da informação e produtividade na indústria brasileira","2009","Revista de Administração de Empresas"
"Valor econômico agregado por hospitais universitários públicos","2009","Revista de Administração de Empresas"
"Valor econômico agregado por hospitais universitários públicos","2009","Revista de Administração de Empresas"
"Tensões entre econômico e social: uma proposta de análise à luz da teoria da estruturação","2008","Revista de Administração de Empresas"
"Influência governamental e estratégias institucionais na difusão de inovações em economias emergentes","2007","Revista de Administração de Empresas"
"Habilidades sociais no mercado de leite","2007","Revista de Administração de Empresas"
"Dinâmica de mercado e trajetória de produtores em face do sistema de classificação de vinhos","2007","Revista de Administração de Empresas"
"Dinâmica de mercado e trajetória de produtores em face do sistema de classificação de vinhos","2007","Revista de Administração de Empresas"
"Economia e empreendedorismo étnico: balanço histórico da experiência paulista","2007","Revista de Administração de Empresas"
"Economia e empreendedorismo étnico: balanço histórico da experiência paulista","2007","Revista de Administração de Empresas"
"Contribuição da nova sociologia econômica para repensar a economia no sentido do desenvolvimento sustentável","2007","Revista de Administração de Empresas"
"Contribuição da nova sociologia econômica para repensar a economia no sentido do desenvolvimento sustentável","2007","Revista de Administração de Empresas"
"Empresas brasileiras e o desafio da competitividade","2007","Revista de Administração de Empresas"
"Teoria das organizações e a nova sociologia econômica: um diálogo interdisciplinar","2006","Revista de Administração de Empresas"
"Teoria das organizações e a nova sociologia econômica: um diálogo interdisciplinar","2006","Revista de Administração de Empresas"
"O ambiente das díades de canalde marketing: um arcabouço para análises comparativas","2006","Revista de Administração de Empresas"
"Previsão da volatilidade no mercado interbancário de câmbio","2005","Revista de Administração de Empresas"
"A internacionalização das empresas portuguesas: a experiência brasileira","2005","Revista de Administração de Empresas"
"A internacionalização das empresas portuguesas: a experiência brasileira","2005","Revista de Administração de Empresas"
"Unificando a alocação de capital em bancos e seguradoras no Brasil","2004","Revista de Administração de Empresas"
"Relacionamentos colaborativos em redes de suprimentos","2004","Revista de Administração de Empresas"
"Efeitos fiscais da inflação na análise de projetos","2001","Revista de Administração de Empresas"
"Medindo o capital intelectual","2001","Revista de Administração de Empresas"
"Alocação de recursos financeiros em projetos de risco na exploração de petróleo","2000","Revista de Administração de Empresas"
"Emerging Latin America","1999","Revista de Administração de Empresas"
"Emerging Latin America","1999","Revista de Administração de Empresas"
"A legislação complementar sobre finanças públicas e orçamentos: subsídios e sugestões para a sua elaboração","1999","Revista de Administração de Empresas"
"Proposta de metodologia para análise dos grupos econômicos","1996","Revista de Administração de Empresas"
"Políticas de governo e planejamento estratégico como problemas de escolha pública - I","1996","Revista de Administração de Empresas"
"Políticas de governo e planejamento estratégico como problemas de escolha pública - I","1996","Revista de Administração de Empresas"
"Políticas de governo e planejamento estratégico como problemas de escolha pública: II","1996","Revista de Administração de Empresas"
"Políticas de governo e planejamento estratégico como problemas de escolha pública: II","1996","Revista de Administração de Empresas"
"Reestruturação industrial, terceirização e redes de subcontratação","1995","Revista de Administração de Empresas"
"A dinâmica do mercado high-tech","1995","Revista de Administração de Empresas"
"Estratégias empresariais e instrumentos econômicos de gestão ambiental","1995","Revista de Administração de Empresas"
"Estratégias empresariais e instrumentos econômicos de gestão ambiental","1995","Revista de Administração de Empresas"
"Desagregação do sistema soviético e transformação das formas de propriedade","1993","Revista de Administração de Empresas"
"Economias do pacífico asiático: ""tigres e dragões""","1993","Revista de Administração de Empresas"
"Economias do pacífico asiático: ""tigres e dragões""","1993","Revista de Administração de Empresas"
"O desafio da eqüidade no setor saúde","1993","Revista de Administração de Empresas"
"Instrumentos econômicos para gerenciamento ambiental: a cobrança pelo uso da água no estado de São Paulo","1993","Revista de Administração de Empresas"
"Gestão econômico-administrativa japonesa","1993","Revista de Administração de Empresas"
"Gestão econômico-administrativa japonesa","1993","Revista de Administração de Empresas"
"Especialização flexível: uma alternativa promissora para o desenvolvimento econômico de regiões subdesenvolvidas","1993","Revista de Administração de Empresas"
"Especialização flexível: uma alternativa promissora para o desenvolvimento econômico de regiões subdesenvolvidas","1993","Revista de Administração de Empresas"
"Japão milagre econômico e sacrifício social","1992","Revista de Administração de Empresas"
"Devemos salvar os anos 90!","1992","Revista de Administração de Empresas"
"Inflaçao e lote econômico de compra","1992","Revista de Administração de Empresas"
"Os senadores-empresários: recrutamento, carreira e partidos políticos dos empresários no Senado brasileiro (1986-2010)","2014","Revista Brasileira de Ciência Política"
"Democracia e economia solidária: limitações e potencialidades","2013","Revista Brasileira de Ciência Política"
"Recorrência e evolução no capitalismo mundial: os ciclos de acumulação de Giovanni Arrighi","2011","Revista Brasileira de Ciência Política"
"As ideias do poder e o poder das ideias: o Banco Mundial como ator político-intelectual","2014","Revista Brasileira de Educação"
"Educação e pobreza: limiares de um campo em (re)definição","2012","Revista Brasileira de Educação"
"Dimensões estratégicas e limites do papel da educação para o desenvolvimento brasileiro","2011","Revista Brasileira de Educação"
"Economia e educação: a contribuição de Álvaro Vieira Pinto para o estudo histórico da tecnologia","2006","Revista Brasileira de Educação"
"O empresariado industrial e a educação brasileira","2003","Revista Brasileira de Educação"
"Rentabilidade da Produção de Acerola Orgânica Sob Condição Determinística e de Risco: estudo do distrito de irrigação Tabuleiro Litorâneo do Piauí","2016","Revista de Economia e Sociologia Rural"
"Economias de Escala e Eficiência Econômica na Produção de Laranja no Estado de São Paulo ,","2016","Revista de Economia e Sociologia Rural"
"Características das Famílias, Estruturação da Produção e Estratégias de Comercialização em um Assentamento de Reforma Agrária","2016","Revista de Economia e Sociologia Rural"
"Modelling Beef and Dairy Sectors' Productivities and their Effects on Land Use Change in Brazil","2016","Revista de Economia e Sociologia Rural"
"Coordenação do Comércio Atacadista de Pescado no Mercado do Ver-o-Peso, em Belém-Pará","2016","Revista de Economia e Sociologia Rural"
"Impactos Econômicos do Código Florestal Brasileiro: uma discussão à luz de um modelo computável de equilíbrio geral","2015","Revista de Economia e Sociologia Rural"
"Atratividade de Canaviais Paulistas Sob a Ótica da Teoria das Opções Reais","2015","Revista de Economia e Sociologia Rural"
"Análises Quase-experimentais Sobre o Impacto das Cooperativas de Crédito Rural Solidário no PIB Municipal da Agropecuária","2015","Revista de Economia e Sociologia Rural"
"Estudo Sobre a Decomposição dos Determinantes da Variação da Pobreza nos Estados Brasileiros no Período 2001 a 2012","2015","Revista de Economia e Sociologia Rural"
"O Comportamento do Preço da Terra Agrícola: um modelo de painel de dados espaciais","2015","Revista de Economia e Sociologia Rural"
"Uma perspectiva evolucionária da economia agrícola: o caso da produção ovina no Brasil e Uruguai","2014","Revista de Economia e Sociologia Rural"
"Uma perspectiva evolucionária da economia agrícola: o caso da produção ovina no Brasil e Uruguai","2014","Revista de Economia e Sociologia Rural"
"Agricultura familiar, seu interesse acadêmico, sua lógica constitutiva e sua resiliência no Brasil","2014","Revista de Economia e Sociologia Rural"
"Mensuração das elasticidades-preço da demanda, cruzada e renda no mercado de etanol brasileiro: um estudo usando painéis cointegrados","2013","Revista de Economia e Sociologia Rural"
"Causas do desmatamento no Brasil e seu ordenamento no contexto mundial","2012","Revista de Economia e Sociologia Rural"
"A influência de fatores econômicos, institucionais e sociais na inserção de agroindústrias rurais em Santa Catarina","2012","Revista de Economia e Sociologia Rural"
"Produção agropecuária em municípios de Minas Gerais (1996-2006): padrões de distribuição, especialização e associação espacial","2012","Revista de Economia e Sociologia Rural"
"Produção agropecuária em municípios de Minas Gerais (1996-2006): padrões de distribuição, especialização e associação espacial","2012","Revista de Economia e Sociologia Rural"
"Os determinantes socioeconômicos do estado de saúde das crianças do Brasil rural","2012","Revista de Economia e Sociologia Rural"
"Retorno econômico dos investimentos em P&D na citricultura paulista","2012","Revista de Economia e Sociologia Rural"
"Direitos de propriedade da terra rural no Brasil: uma proposta institucionalista para ampliar a governança fundiária","2012","Revista de Economia e Sociologia Rural"
"Análise do impacto econômico do crédito rural na microrregião de Pirapora","2012","Revista de Economia e Sociologia Rural"
"Estrutura produtiva agropecuária e desempenho econômico regional: o caso do Rio Grande do Sul, 1996-2008","2012","Revista de Economia e Sociologia Rural"
"Impactos econômicos da introdução do milho Bt11 no Brasil: uma abordagem de equilíbrio geral inter-regional","2011","Revista de Economia e Sociologia Rural"
"Determinantes do uso de medidas sanitárias de controle da brucelose e tuberculose bovinas","2011","Revista de Economia e Sociologia Rural"
"Desempenho dos arranjos institucionais e minimização dos custos de transação: transações entre produtores e fecularias de mandioca","2011","Revista de Economia e Sociologia Rural"
"Desempenho dos arranjos institucionais e minimização dos custos de transação: transações entre produtores e fecularias de mandioca","2011","Revista de Economia e Sociologia Rural"
"Desmatamento e crescimento econômico no Brasil: uma análise da curva de Kuznets ambiental para a Amazônia legal","2011","Revista de Economia e Sociologia Rural"
"Análise de um projeto agroindustrial utilizando a Teoria de Opções Reais: a opção de adiamento","2011","Revista de Economia e Sociologia Rural"
"Impacto econômico da reserva legal sobre diferentes tipos de unidades de produção agropecuária","2011","Revista de Economia e Sociologia Rural"
"Entrepreneurship in the Rio Grande do Sul, Brazil: the determinants and consequences for the municipal development","2010","Revista de Economia e Sociologia Rural"
"Benefícios sociais da política de incentivos à cultura de mamão no Estado do Ceará","2010","Revista de Economia e Sociologia Rural"
"Gripe aviária no Brasil: uma análise econômica de equilíbrio geral","2010","Revista de Economia e Sociologia Rural"
"Valoração econômica dos efeitos internos da erosão: impactos da produção de soja no cerrado piauiense","2010","Revista de Economia e Sociologia Rural"
"O efeito do título de propriedade da terra na determinação da renda rural","2010","Revista de Economia e Sociologia Rural"
"Um estudo das deliberações da Câmara Setorial do Açúcar e do Álcool, usando análise de correspondência","2009","Revista de Economia e Sociologia Rural"
"A ""masculinização"" da produção de leite","2009","Revista de Economia e Sociologia Rural"
"Agroindústria canavieira e crescimento econômico local","2009","Revista de Economia e Sociologia Rural"
"Agroindústria canavieira e crescimento econômico local","2009","Revista de Economia e Sociologia Rural"
"Agroindústria canavieira e crescimento econômico local","2009","Revista de Economia e Sociologia Rural"
"Consumo de fertilizantes e produtividade da laranja em São Paulo ao longo das décadas de 1970, 1980 e 1990","2009","Revista de Economia e Sociologia Rural"
"Lealdade e oportunismo nas cooperativas: desafios e mudanças na gestão","2009","Revista de Economia e Sociologia Rural"
"Agricultura, população e dinâmica macroeconômica de municípios rurais: um estudo em Lagoa dos Três Cantos (RS)","2009","Revista de Economia e Sociologia Rural"
"Agricultura, população e dinâmica macroeconômica de municípios rurais: um estudo em Lagoa dos Três Cantos (RS)","2009","Revista de Economia e Sociologia Rural"
"Políticas públicas, distribuição de renda e pobreza no meio rural brasileiro no período de 1995 a 2005","2009","Revista de Economia e Sociologia Rural"
"Existe convergência espacial da produtividade agrícola no Brasil?","2008","Revista de Economia e Sociologia Rural"
"Análise da participação da agropecuária no PIB dos EUA de 1960 a 2001","2008","Revista de Economia e Sociologia Rural"
"Avaliação de contratos: uma abordagem utilizando a Análise Fatorial de Correspondência","2008","Revista de Economia e Sociologia Rural"
"Relações sinérgicas e efeitos sobre a produção setorial no sistema inter-regional Paraná-Restante do Brasil","2008","Revista de Economia e Sociologia Rural"
"Impactos econômicos e ambientais decorrentes do estado de conservação das rodovias brasileiras: um estudo de caso","2008","Revista de Economia e Sociologia Rural"
"Economia política da disputa por terras em Minas Gerais","2008","Revista de Economia e Sociologia Rural"
"Economia política da disputa por terras em Minas Gerais","2008","Revista de Economia e Sociologia Rural"
"Determinantes dos arranjos contratuais: o caso da transação produtor-processador de carne bovina no Uruguai","2008","Revista de Economia e Sociologia Rural"
"A balança comercial do agronegócio brasileiro de 1989 a 2005","2008","Revista de Economia e Sociologia Rural"
"A expansão da União Européia em 2004 e seus impactos no agronegócio brasileiro","2008","Revista de Economia e Sociologia Rural"
"A expansão da União Européia em 2004 e seus impactos no agronegócio brasileiro","2008","Revista de Economia e Sociologia Rural"
"PRONAF dez anos depois: resultados e perspectivas para o desenvolvimento rural","2007","Revista de Economia e Sociologia Rural"
"Custos e escala de produção na pecuária leiteira: estudo nos principais estados produtores do Brasil","2007","Revista de Economia e Sociologia Rural"
"Economias de escala na produção de leite: uma análise dos estados de Rondônia, Tocantins e Rio de Janeiro","2007","Revista de Economia e Sociologia Rural"
"Avaliação benefício-custo de sistemas de dessalinização de água em comunidades rurais cearenses","2007","Revista de Economia e Sociologia Rural"
"Análise da influência de alguns fatores socioeconômicos e demográficos no consumo domiciliar de carnes no Brasil","2006","Revista de Economia e Sociologia Rural"
"Eficiência técnica e desempenho econômico de produtores de leite no Estado do Ceará, Brasil","2006","Revista de Economia e Sociologia Rural"
"Análise econômica da produção de ovinos em lotação rotativa em pastagem de capim tanzânia (Panicum maximum (Jacq))","2006","Revista de Economia e Sociologia Rural"
"Economias de escala na produção de frangos de corte no Brasil","2005","Revista de Economia e Sociologia Rural"
"Relação econômica dos setores agrícolas do Estado do Mato Grosso com os demais setores pertencentes tanto ao Estado quanto ao restante do Brasil","2005","Revista de Economia e Sociologia Rural"
"Análise exploratória da socioeconomia de sistemas agroflorestais em várzea flúvio-marinha, Cametá-Pará, Brasil","2004","Revista de Economia e Sociologia Rural"
"Fontes de ineficiência da pequena produção familiar agrícola na região Recôncavo do Estado da Bahia","2004","Revista de Economia e Sociologia Rural"
"Estrutura produtiva, relações intersetoriais e cooperativas agropecuárias no Paraná em 1980 e 1985","2004","Revista de Economia e Sociologia Rural"
"Estrutura produtiva, relações intersetoriais e cooperativas agropecuárias no Paraná em 1980 e 1985","2004","Revista de Economia e Sociologia Rural"
"Pobreza rural e degradação ambiental: uma refutação da hipótese do círculo vicioso","2004","Revista de Economia e Sociologia Rural"
"Critério para implantação de tecnologias de suprimentos de água potável em municípios cearenses afetados pelo alto teor de sal","2004","Revista de Economia e Sociologia Rural"
"MEECA: um modelo econométrico espacial para projeção consistente de culturas agropecuárias","2004","Revista de Economia e Sociologia Rural"
"MEECA: um modelo econométrico espacial para projeção consistente de culturas agropecuárias","2004","Revista de Economia e Sociologia Rural"
"Análise de viabilidade econômica e de risco da fruticultura na região norte Fluminense","2004","Revista de Economia e Sociologia Rural"
"Análise de viabilidade econômica e de risco da fruticultura na região norte Fluminense","2004","Revista de Economia e Sociologia Rural"
"Dinâmica da agricultura e desenvolvimento no Rio Grande do Sul","2003","Revista de Economia e Sociologia Rural"
"Dinâmica da agricultura e desenvolvimento no Rio Grande do Sul","2003","Revista de Economia e Sociologia Rural"
"Análise da comercialização de energia elétrica cogerada pelo setor sucroalcooleiro no estado de São Paulo","2003","Revista de Economia e Sociologia Rural"
"Análise da comercialização de energia elétrica cogerada pelo setor sucroalcooleiro no estado de São Paulo","2003","Revista de Economia e Sociologia Rural"
"Políticas de estabilização macroeconômica do plano real e seus efeitos sobre o agronegócio brasileiro","2003","Revista de Economia e Sociologia Rural"
"Políticas de estabilização macroeconômica do plano real e seus efeitos sobre o agronegócio brasileiro","2003","Revista de Economia e Sociologia Rural"
"Avaliação socioeconômica do Programa Reforma Agrária Solidária nos municípios de Iguatu e Quixeramobim - Estado do Ceará","2002","Revista de Economia e Sociologia Rural"
"Avaliação socioeconômica do Programa Reforma Agrária Solidária nos municípios de Iguatu e Quixeramobim - Estado do Ceará","2002","Revista de Economia e Sociologia Rural"
"Natureza das funções econômicas alargadas do Estado na economia brasileira","2016","Revista de Economia Política"
"Natureza das funções econômicas alargadas do Estado na economia brasileira","2016","Revista de Economia Política"
"Evolução dos preços no mercado brasileiro de terras (1994-2010): uma análise à luz da teoria pós-keynesiana","2016","Revista de Economia Política"
"As famílias na abordagem Minskyana: aspectos e desdobramentos do endividamento das famílias americanas no século XX e início do XXI","2016","Revista de Economia Política"
"Avaliando a dinâmica dos termos de troca em um modelo de causalidade cumulativa e mudança estrutural","2016","Revista de Economia Política"
"Sobre a cadeia de cconomia criativa no Brasil: potencial e desafios","2016","Revista de Economia Política"
"Reflexões sobre o Novo Desenvolvimentismo e o Desenvolvimentismo Clássico","2016","Revista de Economia Política"
"O modelo sueco: uma alternativa para a política macroeconômica","2016","Revista de Economia Política"
"Da fisiologia à economia política: o itinerário intelectual de Quesnay em direção ao Tableau Économique","2016","Revista de Economia Política"
"A estrutura e o mercado: uma análise comparativa do Plano Trienal e do PAEG","2016","Revista de Economia Política"
"A estrutura e o mercado: uma análise comparativa do Plano Trienal e do PAEG","2016","Revista de Economia Política"
"A estrutura e o mercado: uma análise comparativa do Plano Trienal e do PAEG","2016","Revista de Economia Política"
"A estrutura e o mercado: uma análise comparativa do Plano Trienal e do PAEG","2016","Revista de Economia Política"
"A reconstrução da indústria brasileira: a conexão entre o regime macroeconômico e a política industrial","2016","Revista de Economia Política"
"A reconstrução da indústria brasileira: a conexão entre o regime macroeconômico e a política industrial","2016","Revista de Economia Política"
"Overvaluation trend of the Brazilian currency in the 2000s: empirical estimation","2015","Revista de Economia Política"
"Hirschman e a dessacraliza&#231;&#227;o da epopeia do desenvolvimento por um desenvolvimentista","2015","Revista de Economia Política"
"Institutions, credibility and crisis: the inconsistencies of Argentine exchange rate policy (1991-2006)","2015","Revista de Economia Política"
"Global instability of currencies: reasons and perspectives according to the state-corporation hegemonic stability theory","2015","Revista de Economia Política"
"Global instability of currencies: reasons and perspectives according to the state-corporation hegemonic stability theory","2015","Revista de Economia Política"
"Chronic macro-economic and financial imbalances in the world economy: a meta-economic view","2015","Revista de Economia Política"
"The structuralist tradition in economics: methodological and macroeconomics aspects","2015","Revista de Economia Política"
"Emerging markets and the international financial architecture: a blueprint for reform","2015","Revista de Economia Política"
"The boom and crisis of the Convertibility Plan in Argentina","2015","Revista de Economia Política"
"Continuidade ou ruptura? Uma an&#225;lise de alguns aspectos da filosofia social de John Stuart Mill, Alfred Marshall e John Maynard Keynes","2015","Revista de Economia Política"
"Globalization and democracy","2015","Revista de Economia Política"
"Globalization and democracy","2015","Revista de Economia Política"
"Globalization and democracy","2015","Revista de Economia Política"
"O desafio macroeconômico de 2015-2018","2015","Revista de Economia Política"
"As armadilhas do tripé da política macroeconômica brasileira","2015","Revista de Economia Política"
"Rethinking ""energy nationalism"": a study of the relationship between nation states and companies in the oil industry","2015","Revista de Economia Política"
"Why budget accountability fails? The elusive links between parliaments and audit agencies in the oversight of the budget","2015","Revista de Economia Política"
"Da Idade do Ouro a Era Platinum Rastejante: uma periodização do desenvolvimento Latino Americano na tradição Robinsoniana","2015","Revista de Economia Política"
"A economia neoclássica: uma análise lakatosiana Da cheia do mainstream até sua implosão","2015","Revista de Economia Política"
"A economia neoclássica: uma análise lakatosiana Da cheia do mainstream até sua implosão","2015","Revista de Economia Política"
"Renda fundiária brasileira apropriada por proprietários de terras","2015","Revista de Economia Política"
"As razões do laissez-faire: uma análise do ataque ao mercantilismo e da defesa da liberdade econômica na Riqueza das Nações","2007","Revista de Economia Política"
"Ciclos políticos, socioeconomia e a geografia eleitoral do estado da Bahia nas eleições de 2006","2015","Revista de Sociologia e Política"
"Efetividade das políticas participativas no governo brasileiro: o Conselho de Desenvolvimento Econômico e Social","2015","Revista de Sociologia e Política"
"A crise da potência inteligente: os EUA e a grande estratégia de acomodação no governo Obama","2014","Revista de Sociologia e Política"
"Índia em transformação: o novo crescimento econômico e as perspectivas pós-crises","2014","Revista de Sociologia e Política"
"Voto econômico retrospectivo e sofisticação política na eleição presidencial de 2002","2014","Revista de Sociologia e Política"
"Alemanha: o modelo de capitalismo social e os desafios no limiar do século XXI","2014","Revista de Sociologia e Política"
"Em nome de quem? Governo, instituições e economia política no campo do combate às doenças respiratórias: o caso da lei antitabaco em Portugal","2014","Revista de Sociologia e Política"
"Elite empresarial e elite econômica: o estudo dos empresários","2014","Revista de Sociologia e Política"
"Institucionalização e execução das políticas públicas de economia solidária no Brasil","2013","Revista de Sociologia e Política"
"Empresários, o governo do PT e o desenvolvimentismo","2013","Revista de Sociologia e Política"
"Elite econômica no Brasil: discussões acerca da internacionalização da carreira de executivos brasileiros","2013","Revista de Sociologia e Política"
"Como se explica o neoliberalismo no Brasil? uma análise crítica dos artigos publicados na Revista Dados","2013","Revista de Sociologia e Política"
"Os ""doutores"" da federação: formação acadêmica dos senadores brasileiros e variáveis associadas","2012","Revista de Sociologia e Política"
"Mercado, transação e laços sociais: a abordagem da Sociologia Econômica","2012","Revista de Sociologia e Política"
"Mercado, transação e laços sociais: a abordagem da Sociologia Econômica","2012","Revista de Sociologia e Política"
"A economia política do modelo econômico chinês: o estado, o mercado e os principais desafios","2012","Revista de Sociologia e Política"
"Capital social e democracia: a confiança realmente importa?","2011","Revista de Sociologia e Política"
"O que esperar das relações Brasil-China?","2011","Revista de Sociologia e Política"
"A economia continental chinesa e seu efeito gravitacional","2011","Revista de Sociologia e Política"
"Determinantes políticos do déficit fiscal nos estados brasileiros (1987-1997)","2010","Revista de Sociologia e Política"
"A agenda da reforma dos benefícios tributários das famílias e das empresas com saúde: entre o particular e o geral","2010","Revista de Sociologia e Política"
"A questão da continuidade da política macroeconômica entre o governo Cardoso e Lula (1995-2006)","2010","Revista de Sociologia e Política"
"A questão da continuidade da política macroeconômica entre o governo Cardoso e Lula (1995-2006)","2010","Revista de Sociologia e Política"
"O campo de estudos sobre associações de classe de São Paulo de 1910 a 1945","2010","Revista de Sociologia e Política"
"Novas lideranças sul-americanas: clivagens sobre o binômio estabilidade-instabilidade política","2009","Revista de Sociologia e Política"
"Integração e desenvolvimento no Mercosul: divergências e convergências nas políticas econômicas nos governos Lula e Kirchner","2009","Revista de Sociologia e Política"
"A Petrobrás e as reformas do setor de petróleo e gás no Brasil e na Argentina","2009","Revista de Sociologia e Política"
"Uma nova noção de empresário: a naturalização do ""empreendedor""","2008","Revista de Sociologia e Política"
"O mondovino de cabeça para baixo: as transformações no mercado internacional do vinho e o novo empresariado vinícola","2008","Revista de Sociologia e Política"
"A geopolítica do sistema de estados e o capitalismo global em questão","2007","Revista de Sociologia e Política"
"A política internacional do Partido dos Trabalhadores: da fundação à diplomacia do governo Lula","2003","Revista de Sociologia e Política"
"A questão do desenvolvimento à luz da globalização da economia capitalista","2002","Revista de Sociologia e Política"
"Democracia, transição e consolidação: precisões sobre conceitos bestializados","2001","Revista de Sociologia e Política"
"Redes de clientela, funcionários régios e apropriação de renda no império português (séculos XVI-XVIII)","2001","Revista de Sociologia e Política"
"Repensando a nacionalidade de empresas transnacionais","2000","Revista de Sociologia e Política"
"A política educacional e a formação da força de trabalho industrial na era de Vargas","2000","Revista de Sociologia e Política"
"A política educacional e a formação da força de trabalho industrial na era de Vargas","2000","Revista de Sociologia e Política"
"Planejamento econômico e crise política: do esgotamento do plano de desenvolvimento ao malogro dos programas de estabilização","2000","Revista de Sociologia e Política"
"Desenvolvimento industrial e mercado de trabalho no Rio Grande do Sul: 1920-1950","2000","Revista de Sociologia e Política"
"Processos de organização de catadores de materiais recicláveis: lutas e conformações","2013","Revista Katálysis"
"Relação estado-sociedade civil nas políticas de desenvolvimento socioprodutivas na Argentina contemporânea","2011","Revista Katálysis"
"Saúde do trabalhador: considerações a partir da crítica da economia política","2011","Revista Katálysis"
"Solidariedade assimétrica: capital social, hierarquia e êxito em um empreendimento de ""economia solidária""","2009","Revista Katálysis"
"Do século 19 ao século 21: permanência e transformações da solidariedade em economia","2008","Revista Katálysis"
"Do século 19 ao século 21: permanência e transformações da solidariedade em economia","2008","Revista Katálysis"
"Do século 19 ao século 21: permanência e transformações da solidariedade em economia","2008","Revista Katálysis"
"Do século 19 ao século 21: permanência e transformações da solidariedade em economia","2008","Revista Katálysis"
"Diferentes matizes da idéia de solidariedade","2008","Revista Katálysis"
"Reestruturação capitalista e trabalho: notas críticas acerca da economia solidária","2008","Revista Katálysis"
"Economia social: conceitos, fundamentos e tipologia","2008","Revista Katálysis"
"Cooperação econômica versus competitividade social","2008","Revista Katálysis"
"Cooperação econômica versus competitividade social","2008","Revista Katálysis"
"Terceiro setor e univocidade conceitual: necessidade e elementos configuradores","2008","Revista Katálysis"
"Terceiro setor e univocidade conceitual: necessidade e elementos configuradores","2008","Revista Katálysis"
"Autogestão: desafios políticos e metodológicos na incubação de empreendimentos econômicos solidários","2008","Revista Katálysis"
"Contribuição à crítica da 'economia solidária'","2008","Revista Katálysis"
"Ação coletiva no âmbito da economia solidária e da autogestão","2008","Revista Katálysis"
"Experiências em economia solidária e seus múltiplos sentidos","2008","Revista Katálysis"
"Política social focalizada e ajuste fiscal: as duas faces do governo Lula","2007","Revista Katálysis"
"O Brasil e a dimensão econômico-social do governo Lula: resultados e perspectivas","2007","Revista Katálysis"
"As demandas de pesquisas sobre proteção social no Mercosul: exigências para o Serviço Social","2006","Revista Katálysis"
"Reflexões sobre o papel das unidades de economia da saúde no âmbito de sistemas nacionais de saúde","2016","Saúde e Sociedade"
"Reflexões sobre o papel das unidades de economia da saúde no âmbito de sistemas nacionais de saúde","2016","Saúde e Sociedade"
"Sob o prisma da equidade: financiamento federal do Sistema Único de Saúde no estado da Bahia","2016","Saúde e Sociedade"
"Sob o prisma da equidade: financiamento federal do Sistema Único de Saúde no estado da Bahia","2016","Saúde e Sociedade"
"Gestão de saúde familiar e pobreza em período de recessão económica em Portugal","2015","Saúde e Sociedade"
"Gestão de saúde familiar e pobreza em período de recessão económica em Portugal","2015","Saúde e Sociedade"
"Política de saúde na China: a influência ocidental europeia em suas reformas a partir de 1978","2015","Saúde e Sociedade"
"Política de saúde na China: a influência ocidental europeia em suas reformas a partir de 1978","2015","Saúde e Sociedade"
"A Saúde Global centrada nas pessoas","2014","Saúde e Sociedade"
"Perspectivas temporais e regionais da insegurança alimentar durante a crise econômica em Portugal, 2011-2013","2014","Saúde e Sociedade"
"Associa&#231;&#227;o espacial entre vari&#225;veis socioecon&#244;micas e risco relativo de nascimentos pr&#233;-termo na Regi&#227;o Metropolitana de S&#227;o Paulo (RMSP) e na &#193;rea Metropolitana de Lisboa (AML)","2014","Saúde e Sociedade"
"Dos conceitos de regulação às suas possibilidades","2014","Saúde e Sociedade"
"Desigualdades socioeconômicas na incidência e mortalidade por câncer: revisão de estudos ecológicos, 1998-2008","2013","Saúde e Sociedade"
"Como incluir características dos distritos do município de São Paulo em estudos epidemiológicos?: análise da desigualdade de renda pelo uso do propensity score matching","2013","Saúde e Sociedade"
"Como incluir características dos distritos do município de São Paulo em estudos epidemiológicos?: análise da desigualdade de renda pelo uso do propensity score matching","2013","Saúde e Sociedade"
"Avaliação econômica da rubéola e de estratégia de controle em situação de surto em Fortaleza (Ceará), Brasil","2011","Saúde e Sociedade"
"Comportamentos de saúde e doença numa comunidade Cabo-Verdiana em Lisboa","2011","Saúde e Sociedade"
"Empréstimos externos para o setor saúde no Brasil: soluções ou problemas","2009","Saúde e Sociedade"
"Condições socioeconômicas, programas de complementação alimentar e mortalidade infantil no Estado de São Paulo (1950 a 2000)","2003","Saúde e Sociedade"
"Grau de cobertura dos planos de saúde e distribuição regional do gasto público em saúde","2001","Saúde e Sociedade"
"Grau de cobertura dos planos de saúde e distribuição regional do gasto público em saúde","2001","Saúde e Sociedade"
"Desenvolvimento, saúde e meio ambiente: contradições na construção de hidrelétricas","2015","Serviço Social & Sociedade"
"O novo desenvolvimentismo e a decadência ideológica do pensamento econômico brasileiro","2012","Serviço Social & Sociedade"
"Desenvolvimentismo e neodesenvolvimentismo: tragédia e farsa","2012","Serviço Social & Sociedade"
"Propriedades coletivas, cooperativismo e economia solidária no Brasil","2011","Serviço Social & Sociedade"
"Copagamentos no Sistema Público Brasileiro: anomalia ou tendência?","2011","Serviço Social & Sociedade"
"MODELO DE EQUAÇÕES DE DIFERENÇAS FINITAS APLICADO AO SISTEMA DE SAÚDE SUPLEMENTAR","2015","Trabalho, Educação e Saúde"
"Desenvolvimento local - ou sobre exegeses ideológicas, lutas hegemônicas e descaminhos societários","2013","Trabalho, Educação e Saúde"
"Economia popular e educação: percursos de uma cooperativa de reciclagem de lixo no Rio de Janeiro","2009","Trabalho, Educação e Saúde"
"Construtores de casa e artífices de cidadania: modos cooperativos de trabalhar e viver","2008","Trabalho, Educação e Saúde"
